lang,ranks,nprocx,nprocy,order,total_s
HIP,12,4,3,round-robin,0.172259
HIP,12,4,3,round-robin,0.166454
HIP,12,4,3,round-robin,0.136366
HIP,12,4,3,block,0.145289
HIP,12,4,3,block,0.150967
HIP,12,4,3,block,0.157384
HIP,12,3,4,round-robin,0.109880
HIP,12,3,4,round-robin,0.112753
HIP,12,3,4,round-robin,0.109614
HIP,12,3,4,block,0.156469
HIP,12,3,4,block,0.132292
HIP,12,3,4,block,0.156012
HIP,12,2,6,round-robin,0.092471
HIP,12,2,6,round-robin,0.086735
HIP,12,2,6,round-robin,0.091825
HIP,12,2,6,block,0.134379
HIP,12,2,6,block,0.139812
HIP,12,2,6,block,0.129601
HIP,12,6,2,round-robin,0.091771
HIP,12,6,2,round-robin,0.103019
HIP,12,6,2,round-robin,0.112615
HIP,12,6,2,block,0.155178
HIP,12,6,2,block,0.171849
HIP,12,6,2,block,0.158171
HIP,8,4,2,round-robin,0.145200
HIP,8,4,2,round-robin,0.137009
HIP,8,4,2,round-robin,0.134824
HIP,8,4,2,block,0.151704
HIP,8,4,2,block,0.169542
HIP,8,4,2,block,0.160658
HIP,8,2,4,round-robin,0.091205
HIP,8,2,4,round-robin,0.096683
HIP,8,2,4,round-robin,0.086279
HIP,8,2,4,block,0.136364
HIP,8,2,4,block,0.132080
HIP,8,2,4,block,0.129913
HIP,16,4,4,round-robin,0.153778
HIP,16,4,4,round-robin,0.139040
HIP,16,4,4,round-robin,0.158864
HIP,16,4,4,block,0.151897
HIP,16,4,4,block,0.152771
HIP,16,4,4,block,0.136731
OMP,12,4,3,round-robin,0.264863
OMP,12,4,3,round-robin,0.260449
OMP,12,4,3,round-robin,0.265907
OMP,12,4,3,block,0.291924
OMP,12,4,3,block,0.283626
OMP,12,4,3,block,0.257479
OMP,12,3,4,round-robin,0.264190
OMP,12,3,4,round-robin,0.240838
OMP,12,3,4,round-robin,0.257117
OMP,12,3,4,block,0.222736
OMP,12,3,4,block,0.229145
OMP,12,3,4,block,0.225713
OMP,12,2,6,round-robin,0.244985
OMP,12,2,6,round-robin,0.232422
OMP,12,2,6,round-robin,0.237769
OMP,12,2,6,block,0.266896
OMP,12,2,6,block,0.223666
OMP,12,2,6,block,0.232577
OMP,12,6,2,round-robin,0.291623
OMP,12,6,2,round-robin,0.276792
OMP,12,6,2,round-robin,0.284815
OMP,12,6,2,block,0.277074
OMP,12,6,2,block,0.266876
OMP,12,6,2,block,0.272377
OMP,8,4,2,round-robin,0.262606
OMP,8,4,2,round-robin,0.241156
OMP,8,4,2,round-robin,0.273312
OMP,8,4,2,block,0.237521
OMP,8,4,2,block,0.248452
OMP,8,4,2,block,0.246902
OMP,8,2,4,round-robin,0.246790
OMP,8,2,4,round-robin,0.219418
OMP,8,2,4,round-robin,0.226128
OMP,8,2,4,block,0.187125
OMP,8,2,4,block,0.196315
OMP,8,2,4,block,0.193342
OMP,16,4,4,round-robin,0.302834
OMP,16,4,4,round-robin,0.299726
OMP,16,4,4,round-robin,0.302114
OMP,16,4,4,block,0.269763
OMP,16,4,4,block,0.262184
OMP,16,4,4,block,0.257445
