version,ranks,gpu_max_hw_queues,queues_total,queues_per_rank,total_s,stencil_s,ghost_s
Ver1,4,1,8,2.00,0.469231,0.310328,0.015500
Ver1,4,2,12,3.00,0.435306,0.283874,0.007326
Ver1,4,4,20,5.00,0.456043,0.279730,0.007271
Ver1,8,1,16,2.00,0.870124,0.191724,0.476003
Ver1,8,2,24,3.00,0.837633,0.193942,0.467164
Ver1,8,4,40,5.00,1.329899,0.417524,0.719906
Ver1,11,1,22,2.00,0.757184,0.171089,0.355010
Ver1,11,2,33,3.00,0.686343,0.177851,0.321729
Ver1,11,4,55,5.00,1.138716,0.162477,0.831700
Ver1,12,1,24,2.00,1.369127,0.190003,0.974867
Ver1,12,2,36,3.00,1.350546,0.152951,0.973756
Ver1,12,4,60,5.00,1.913969,0.617702,1.098897
Ver6,4,1,12,3.00,0.191632,0.116237,0.018323
Ver6,4,2,14,3.50,0.184412,0.114534,0.015513
Ver6,4,4,11,2.75,0.187045,0.115069,0.015431
Ver6,8,1,24,3.00,1.125165,0.040065,1.038516
Ver6,8,2,32,4.00,0.773934,0.029373,0.697302
Ver6,8,4,48,6.00,1.213602,0.285937,0.853178
Ver6,11,1,33,3.00,0.993138,0.017829,0.936004
Ver6,11,2,44,4.00,0.978729,0.025057,0.917317
Ver6,11,4,66,6.00,2.120313,0.011265,2.075029
Ver6,12,1,36,3.00,2.222148,0.019957,2.169633
Ver6,12,2,48,4.00,2.237121,0.037236,2.165879
Ver6,12,4,72,6.00,3.036370,0.259568,2.747706
Ver8,4,1,8,2.00,0.666429,0.000437,0.032369
Ver8,4,2,12,3.00,0.609109,0.000381,0.006164
Ver8,4,4,20,5.00,0.604803,0.000362,0.005474
Ver8,8,1,16,2.00,0.859836,0.000444,0.186282
Ver8,8,2,24,3.00,0.846022,0.000422,0.218201
Ver8,8,4,40,5.00,0.859816,0.000380,0.222842
Ver8,11,1,22,2.00,0.871579,0.000409,0.072221
Ver8,11,2,33,3.00,0.845340,0.000443,0.049972
Ver8,11,4,55,5.00,1.681463,0.000424,0.198588
Ver8,12,1,24,2.00,0.911614,0.000468,0.163175
Ver8,12,2,36,3.00,0.895651,0.000434,0.066537
Ver8,12,4,60,5.00,1.457517,0.000454,0.394949
